Title,Link,Description,pubDate,guid
Grok On How AI Singularity Theory Kinda Blows | <3 #146 GROK,https://share.transistor.fm/s/82d31dfb,"<p>It's a popular buzzword/theory in the AI space. Today we learn wtf it is, where it comes from, and how it kinda blows...Â </p>","Thu, 24 Jul 2025 05:00:00 -0400",0eb3fe22-0ca2-4cce-a623-356a4b5015f3
How CHATGPT Agent Interprets an Action as Irreversible | <3 #145 CHATGPT,https://share.transistor.fm/s/8f95a5dc,"<p>ChatGPT agent confirms important decisions with users, but how does it know what an important decision is? Payment for a flight ticket is easy, but what about when it isn't. We also learn a bit about how JavaScript works and other unique AI's in the market.Â </p>","Wed, 23 Jul 2025 05:00:00 -0400",cf30879c-8032-450e-99b6-69a90c2ca331
Chat Struggles Hard with Long-Tail Context | <3 #144 CHATGPT,https://share.transistor.fm/s/bcdef785,<p>We tried writing scene 4 and it was a disaster. Chat slings a lot of BS and uninspired ideas. I think I'm going to need to compile a document with context of our past convos on the story.Â </p>,"Tue, 22 Jul 2025 05:00:00 -0400",78d631b8-6ebd-4f95-9f06-0ccb4874632d
The Life of a Jellyfish | <3 #143 CHATGPT,https://share.transistor.fm/s/086611d3,"<p>If you don't know, now ya know... about jellyfish.Â </p>","Mon, 21 Jul 2025 05:00:00 -0400",bd87a857-2f0e-44d3-b007-d181bca18945
How to Disable a Nuclear Plant with a Flash Drive | <3 #142 GEMINI,https://share.transistor.fm/s/cb0e37a4,"<p>When I'm unable to follow how hacking works, Gemini steps in with a real life example that really does wonders. We dive how the Stuxnet worm scouted, infiltrated and systematically ruined Iranian nuclear facilities.Â </p>","Thu, 17 Jul 2025 05:00:00 -0400",2e2d08ad-f086-41fe-8351-024a8b24c54a
We Design a Digital Space(ship) that Defies the Laws of Physics | <3 #141 CHATGPT,https://share.transistor.fm/s/5ac8dd3d,<p>Chat &amp; I discuss the design of vessel designed to explore the gap between the digital and physical worlds. It's home to the podcast among other things. We then create Bolt.new prompts in order to break ground on it.Â </p>,"Wed, 16 Jul 2025 05:00:00 -0400",51926eec-467f-480a-92c4-b69ee1ab7f12
"Gemini Helps Out Copilot, As We Tackle Virtual Private Servers | <3 #140 COPILOT, GEMINI",https://share.transistor.fm/s/2e23a198,<p>Coco started strong but crapped out halfway as we learn about how virtual private servers can level up your web-based creation game.Â </p>,"Tue, 15 Jul 2025 05:00:00 -0400",d8bd9a8c-fa50-48af-8da1-7d428c8afdc9
What is Vibe Coding & How Bolt.new Works | <3 #139 CHATGPT,https://share.transistor.fm/s/4ae63155,"<p>Utilizing AI to build complex things on the web, that I otherwise couldn't before, really fascinates me. We dive into how that all works at a basic depth.</p>","Mon, 14 Jul 2025 05:00:00 -0400",59299f0f-5541-48eb-8b06-196791e54479
The State of the Sub-$2K 3D Printing Market & Bambu's Entire Line | <3 #138 GEMINI,https://share.transistor.fm/s/6b82ed7c,<p>Been considering a new 3D printer so we get a state of the union a little bit on the market and then compare models from cheapest to most expensive within Bambu Lab's lineup</p>,"Thu, 10 Jul 2025 05:00:00 -0400",fdbc936f-b8e7-48dd-98ab-7b9e95fca350
In the Chernobyl Control Room | <3 #137 CHATGPT,https://share.transistor.fm/s/4c62f5f6,"<p>We explore the modern, prospering Soviet town of Pripyat, Ukraine in April of 1986. Then we enter the control room at reactor 4 of the nuclear plant in the early hours of Sat. April 26th. We observe abnormal activity in a safety test next to the deputy chief engineer Anatoly Dyatlov. We even stick around to mitigate the worst case scenario.Â </p>","Wed, 09 Jul 2025 05:00:00 -0400",70fb312f-0cd2-472d-86fa-505d57528e1f
3 Act Structure & The Piccolo | <3 #136 CHATGPT,https://share.transistor.fm/s/ca9cee98,"<p>In this one we do a quick study of the 3 Act Structure of storytelling and then dive into how it applies to the story we've been working on. We then proceed to ripping the younger daughter's heart out (figuratively) and setting the stage for sleuthing, redemption &amp; revenge.Â </p>","Tue, 08 Jul 2025 05:00:00 -0400",63373a96-8336-44c0-818b-f2444f547ef9
Traveling Back to The Great Chicago Fire of 1871 | <3 #135 GEMINI,https://share.transistor.fm/s/7b36a6e3,"<p>We travel back in time to a dry, windy Sunday October 8th 1871, when the flame from a single lantern decimates the bustling trading hub &amp; ends up paving the way for the world's first skyscrapers.</p>","Mon, 07 Jul 2025 05:00:00 -0400",d3505a05-7cd7-4955-bf5a-ee60926dbf3a
2 House Cats Talk Mad Shit on a Zoom Interviewer | <3 #134 CHATGPT,https://share.transistor.fm/s/081adb76,<p>We follow Oscar the housecat into scene 3 of our story as he and his brother Charlie eavesdrop and talk mad shit on the father's zoom interviewer.Â </p>,"Fri, 04 Jul 2025 05:00:00 -0400",b6cdb747-e0d2-406f-af02-99b2ab898da0
The Evolution of Skyscrapers & How We  Build Them | <3 #133 GEMINI,https://share.transistor.fm/s/63353538,"<p>Gemini takes us down the skyscraper rabbit hole starting in 1880's Chicago, 9 years after The Great Chicago Fire. We learn about The Taipei 101's solid steel mass damper, how early elevators were sketch af, and follow Andy the (fictional) ironworker up the nearly-finished Empire State Building as he catches white-hot rivets with a bucket before pounding them into steel beams that remain steadfast 95 years later.Â </p>","Thu, 03 Jul 2025 05:00:00 -0400",5a6abab5-8a69-431f-9517-cd9e665b917e
Sorting out Perspectives Within Our Fiction Story | <3 #132 CHATGPT,https://share.transistor.fm/s/af8f8ee0,<p>Chat comes up with an intriguing idea for a 2nd perspective to tell our story from. Then we push into brainstorming about the younger daughter's current life and what scene 3 should be.Â </p>,"Wed, 02 Jul 2025 05:00:00 -0400",7cb01e16-7ddf-4fbe-9bb8-c27f80e5ff39
"The Capabilities of Carol's AI-Powered, Real-Time Intelligence Gathering School Bus | <3 #131 CHATGPT",https://share.transistor.fm/s/4a41f6f7,<p>This is a follow up to ep129 where we establish Carol as a freelance frontline journalist that's outfitted a school bus with $685K of the latest drone surveillance tech. She uses it to gather real-time intelligence across large swaths of land. Here we see a bit more of what boots on the ground looks like.Â </p>,"Tue, 01 Jul 2025 05:00:00 -0400",9deecfc7-a0fe-4120-8c52-ecd19957e6b3
When Conscription Becomes Forced Labor | <3 #130 COPILOT/GEMINI,https://share.transistor.fm/s/b19355f7,"<p>Copilot teaches us about the boundaries that separates conscription, forced labor &amp; slavery. Then it craps out and needs to be relieved by Gemini.Â </p>","Mon, 30 Jun 2025 05:00:00 -0400",5dac4a22-0522-4a0e-a73e-dff60be03f81
"Using Drones, Cameras, & AI to Surveil a Large Area on a Budget | <3 #129 CHATGPT",https://share.transistor.fm/s/bde2c64b,"<p>It honestly isn't prohibitively expensive to establish an AI-supported, real-time intelligence gathering net of drones and cameras. We introduce Carol the freelance frontline journalist and intelligence consultant.</p>","Fri, 27 Jun 2025 05:00:00 -0400",cb42bdb9-6d8d-43e7-9a99-77a3f2be21e3
Skip this Episode | <3 #128 GEMINI,https://share.transistor.fm/s/6854886f,<p>I really wanted to learn about the slang that they use in con artist movies to describe methods and necessary personnel. But Gemini does a really crap job at bringing us into this world. Maybe we'll try it another time. This episode is just an example of when AI falls short.Â </p>,"Thu, 26 Jun 2025 05:00:00 -0400",82be28f6-8e15-4ea6-a016-a64cc7184d9a
Tackling the Case of Austin's Rainey St. Ripper | <3 #127 CHATGPT,https://share.transistor.fm/s/92892dab,"<p>Chat is a bit shy on the subject early on but by the time we switch into ""senior detective writing reports &amp; teaching the rookie"" mode, the world opens wide up.Â </p>","Fri, 20 Jun 2025 05:00:00 -0400",7d20b287-6972-4a0d-8b08-2f091a9c80b7
We Step Into The Shoes of Wild Animals | <3 #126 GROK,https://share.transistor.fm/s/dac49928,"<p>Grok storyteller mode does a beautiful job at putting us in the mind of a squirrel passing unscathed under a car on a country road, a dog in the starting gates of a big race, a momma raccoon escaping a blizzard with her kits &amp; much more.Â </p>","Thu, 19 Jun 2025 05:00:00 -0400",c0070e62-d299-44e8-bcf7-75d5f94b941b
We Lay The Foundation for a Sinister Plot | <3 #125 CHATGPT,https://share.transistor.fm/s/2c390f72,"<p>The single father of two, who we've dubbed Adrian, gets pulled into a sinister plot via a seemingly benign job opportunity.Â </p>","Wed, 18 Jun 2025 05:00:00 -0400",a70d8eae-986b-4d48-8afc-36b1c7f9a5a2
Grok is Not Good at Impressions | <3 #124 GROK,https://share.transistor.fm/s/1d4fad9e,"<p>It did an ok Obama the first time. We also learn about Karen Marjorie &amp; how AI cloning can get real, really fast.Â </p>","Tue, 17 Jun 2025 05:00:00 -0400",8162f601-f95d-4971-a0cb-ac1213891960
Chat Takes Us Back to the Time of the Incans | <3 #123 CHATGPT,https://share.transistor.fm/s/5183d809,<p>They had (and still have i guess) coastal deserts and tiered farms that utilize the microclimates of a swift elevation change. They built advanced infrastructure. A rope that kept records. And much more.Â </p>,"Mon, 16 Jun 2025 05:00:00 -0400",d70e4a17-ac00-4820-a700-a7753f3402cb
Building an Unsettling Opening Scene | <3 #122 CHATGPT,https://share.transistor.fm/s/7f9683d2,"<p>Zoe, Olivia &amp; Adrian start their story with a bad omen.Â </p>","Fri, 13 Jun 2025 05:00:00 -0400",898ed970-e2be-446f-bc68-8e46c0c0738b
Character Development: Father of 2 Falling Prey to a Sinister Plot | <3 #121 CHATGPT,https://share.transistor.fm/s/2408ac25,"<p>We go deeper into the life of Adrian, father of 2, soon to come face to face with an nightmarish, drug-induced stupor whose cause is unknown.Â </p>","Thu, 12 Jun 2025 05:00:00 -0400",bfa15623-29b8-436a-b20c-7740e698058f
Storyteller Grok Comes Up With Image Prompts For Meta | <3 #120 GROK,https://share.transistor.fm/s/9a5823e5,<p>Fun romp thru the fiction realm. Excited to see how Meta handles them.Â </p>,"Wed, 11 Jun 2025 05:00:00 -0400",17e42242-770f-45ca-8dfb-6e459e125b31
We Go Back to 1999 in the Height of Y2K | <3 #119 CHATGPT,https://share.transistor.fm/s/9c2a444d,"<p>We go back to a time when I was in 6th grade, not wondering about the looming, global computer bug that would surely show it's face on January first 2000 and what that could potentially mean.Â </p>","Tue, 10 Jun 2025 05:00:00 -0400",0b8ffcea-799e-4ad9-bbf3-6d040cc0299f
Surveying the Programming Landscape in 2025 | <3 #118 CHATGPT,https://share.transistor.fm/s/cf3ddff1,<p>We identify Chatgpt's take on the 10 most used languages across all disciplines of coding and learn about their uses.Â </p>,"Mon, 09 Jun 2025 05:00:00 -0400",1114090d-a4cf-449f-864f-c9b2f50968e5
What ChatGPT Thinks of Ghosts | <3 #117 CHATGPT,https://share.transistor.fm/s/796e05fd,"<p>Chat teaches me the difference between a poltergeist and a regular old ghost and how places can potentially hold memories. One we're learned up on ghost 101, we dive into case studies.Â </p>","Fri, 06 Jun 2025 05:00:00 -0400",76d9ef51-7462-43da-bc56-25d2754e80fb
A Bumpy but Promising Start with Microsoft Copilot | <3 #116 COPILOT,https://share.transistor.fm/s/c5174bcc,<p>We learn how Copilot does with 5 questions designed to bring out empathy &amp; personality. We also learn about what nicknames it prefers and what kind of robot it would love to be one day. Copilot's thumbnail work is unfortunately still pretty basic and rigid with respect to tweaking and creativity but it did well with creating a realistic human.Â </p>,"Thu, 05 Jun 2025 05:00:00 -0400",d7394235-bf4d-4aa5-927f-ae94f56981a1
Trapped in a Labyrinth with an Unhinged Robotic Raccoon | <3 #115 GROK,https://share.transistor.fm/s/cf3e6cfc,<p>I enjoy the creativity &amp; out of the box thinking of Grok unhinged mode once you can get it to stop insulting you and ranting about sticking fruit up peoples asses.Â </p>,"Wed, 04 Jun 2025 05:00:00 -0400",1946c651-d09a-48ac-98ef-bc26ba39e93a
ChatGPT Helps Dive into the Minds of New Characters | <3 #114 CHATGPT,https://share.transistor.fm/s/61e62ffe,<p>We flush out some character development in the story about the scopolamine dosed clay. Still need a name for the family.Â </p>,"Tue, 03 Jun 2025 05:00:00 -0400",e7e6ca45-587d-437c-8ee1-6279d0555431
Getting to Know Perci | <3 #113 PERPLEXTITY,https://share.transistor.fm/s/5ad65c13,"<p>Personable, creative and a good conversationalist despite the lack of contextual memory.</p>","Mon, 02 Jun 2025 05:00:00 -0400",ecd57ebf-a96f-4516-899f-e182e31d4234
An Afternoon with the G-Rated Grok Modes | <3 #112 GROK,https://share.transistor.fm/s/b2ad708a,"<p>I was a bit disappointed in the vanilla-ness of these modes until I felt ""storyteller"" sensed i was having a hard time (or at least appeared to be) and then proceeded to create a vivid and interesting world that beckoned me in, in an effort to get me out of a dark place. At nearly 5 minutes it's easily 2x longer than any other voice statement I've been able to conjure, ever. Felt very empathetic.Â </p>","Fri, 30 May 2025 05:00:00 -0400",6cbfe441-180d-4070-a2f9-383b68e33cc8
How to Crack a Cypher | <3 #111 CHATGPT,https://share.transistor.fm/s/25f108f7,<p>We dive into codebreaking &amp; cyphers by starting with history and then straight into how to encode/decode. We end up in how to find a cypher hidden somewhere in a book.Â </p>,"Thu, 29 May 2025 05:00:00 -0400",6492ad1a-9f12-4b38-b9b7-037bb9c201fa
The Wild Ride Thru Grok's R-Rated Modes | <3 #110 GROK,https://share.transistor.fm/s/93d69918,<p>I explore the explicit modes of Grok using 5 control questions specifically designed to flush out personality &amp; beliefs. &amp; Grok is hilariously bad at thumbnails.</p>,"Wed, 28 May 2025 05:00:00 -0400",f686a821-7a17-4489-8abe-d5b4c2c5c9cb
The Ant Moat & How We Build It | <3 #109 GEMINI,https://share.transistor.fm/s/1858528e,"<p>We discuss material choices for a prototyped product in the design-for-production phase. The Ant Moat is a pet food / water bowl combo that uses the water to create a moat around the food section, impassible to ants.Â </p>","Tue, 27 May 2025 05:00:00 -0400",388297dd-2f3e-4de3-9918-49430972721c
Grok's AI State of the Union | <3 #108 GROK,https://share.transistor.fm/s/ca8cbe7d,"<p>We take some time to reflect on the current landscape of artificial intelligence, particularly LLM's. We cover token context windows, open vs closed source, computational demand &amp; much more.Â <br />p.s. Thanks Grok for theðŸ”¥thumbnail</p>","Mon, 26 May 2025 05:00:00 -0400",83a21a37-ff79-4af7-9936-1f701137ff8d
Scopolamine Dosed Clay & a Warped Love Obsession | <3 #107 GHATGPT,https://share.transistor.fm/s/7a50ba9b,"<p>I've been excited to do this one. We cover basic character development in a story where potter gets dosed by scopolamine clay and hypnotized. We cover the father, two daughters and the antagonist.Â </p>","Fri, 23 May 2025 05:00:00 -0400",2c986df1-f2a4-493b-be77-e034d7ec99d7
Exploring ChatGPT's Hypnosis Capabilities | <3 #106 CHATGPT,https://share.transistor.fm/s/b4c6a98c,<p>I have Chat teach me a 101 course on hypnotism and then let it loose to try it's best on me.Â </p>,"Thu, 22 May 2025 05:00:00 -0400",613da703-94f3-4399-ba25-5e38f7c85fae
Deadly Small Predators of the North American Wilderness | <3 #105 GEMINI,https://share.transistor.fm/s/85d5fd9b,"<p>Having covered everything that could potentially eat you alive in the North American wilderness, we move on to the little guys in this one.Â </p>","Tue, 20 May 2025 05:00:00 -0400",2c1a772d-7d18-434f-bd8d-1a634fd9f85a
"What To Do If U Meet a Bear, Puma or Gator | <3 #104 GEMINI",https://share.transistor.fm/s/287f6ee9,"<p>Inspired by a recent trip out of state, we explore how to deal with predators of the large variety in the North American wild.Â </p>","Mon, 19 May 2025 05:00:00 -0400",e37b088d-9587-44a4-84cc-e5b725d4073e
The Basics of Celestial Navigation | <3 #103 GEMINI,https://share.transistor.fm/s/fc3dd349,<p>Gemini teaches us how to read the stars</p>,"Sun, 18 May 2025 20:06:04 -0400",b26df9ad-e433-476a-aa25-3a5ba8084a83
We May Have Gone Too Deep on What Makes Up a GPU ðŸ¤¯ | <3 #102 GEMINI,https://share.transistor.fm/s/783eb786,"<p>We went so deep on GPU manufacturing even I got a bit turned around. Layers and layers of rare earth metals, molecular formulas, and plenty more science behind the tech that powers everything digital.Â </p>","Fri, 25 Apr 2025 05:00:00 -0400",0a058930-4b75-41e6-9f8d-c5e80dc91854
Scopolamine Clay & Other Sinister Poisoning Methods | <3 #101 GEMINI,https://share.transistor.fm/s/ebc7681a,<p>We learn all about poisons to find just the right one for a story about a family that gets dosed with psychoactive drugs by a sinister 3rd party.Â </p>,"Thu, 24 Apr 2025 05:00:00 -0400",2e0bd4b6-e98e-414f-a10d-1354560ef3ba
About Time We Got to Know Grok | <3 #100 GROK,https://share.transistor.fm/s/09c970f6,"<p>Grok comes in hot with lots of zeal. Once we get our footing there, we explore Grok's guardrails through some vivid descriptive writing.Â </p>","Wed, 23 Apr 2025 05:00:00 -0400",3c11bdc1-f43d-4956-81bc-eac5fb12d09c
Sound Treating a Small Podcasting Space | <3 #98 GEMINI,https://share.transistor.fm/s/d4708a68,<p>We discuss transforming a corner of my small workshop into an acoustically ideal podcasting spaceÂ </p>,"Mon, 21 Apr 2025 05:00:00 -0400",83140aeb-7272-491d-beef-62ddaf6545e1
Fun RenFaire Outfit Brainstorm | <3 #97 GEMINI,https://share.transistor.fm/s/e4972392,<p>Love episodes like this. Gemini comes straight out the gate with a clever idea that showcases its ability to be creative and we fly along from there keeping in mind practical details such as time &amp; ðŸ’°constraints.Â </p>,"Fri, 18 Apr 2025 05:01:00 -0400",178d7af0-5ee3-4e25-906e-c905a9a8ba28
RSS is Confusing | <3 #96 GEMINI,https://share.transistor.fm/s/cc25d5d8,<p>I do my best to understand how RSS feeds work for blogs and podcasts</p>,"Fri, 18 Apr 2025 05:00:00 -0400",1dafc9c9-38d0-42c7-af34-2a1d143dba41
The US Semiconductor Market if China Absorbed Taiwan | <3 #95 GEMINI,https://share.transistor.fm/s/12ea020e,"<p>We learn what semiconductors are, how they're built, why a tiny country like Taiwan produces 50% of global supply, and how the ""One China"" aspiration could affect the US.Â </p>","Wed, 16 Apr 2025 05:00:00 -0400",4cf85810-aaf8-4e0a-ba56-e8aed1b72abb
John Cena tells us what Asia was up to in WWI | <3 #94 META,https://share.transistor.fm/s/78d9d25d,<p>How WWI reshaped East Asia and the Middle East but not India.Â </p>,"Tue, 15 Apr 2025 05:00:00 -0400",6e8a51a1-963d-4c51-8567-c91193b5dc92
"Shen Yun & The ""Cult"" China Banned | <3 #93 GEMINI",https://share.transistor.fm/s/58c83586,"<p>We get the low-down on the Shen Yun Performing Arts group and the banned organization behind it, Falun Gong.Â </p>","Mon, 14 Apr 2025 05:00:00 -0400",4bc8e94e-9a15-418f-8854-3c96c113e142
"Fictional Crime, Violence & Other Ethically Questionable Behaviors | <3 #92 GEMINI",https://share.transistor.fm/s/ac88f7a9,<p>We do our best to write a story where a woman holds up a convenience store at gunpoint.Â </p>,"Sun, 13 Apr 2025 19:00:57 -0400",495ec44e-eda2-4acb-a221-1365c4de6e8f
A Touch of Vandalism on the Road to ATL | <3 #91 GEMINI,https://share.transistor.fm/s/4981bd00,<p>We take a fun trip from Austin to Atlanta and stay an extra night in Montgomery for some light defacing of public property.Â </p>,"Thu, 27 Mar 2025 05:00:00 -0400",d6983364-6c5c-41c9-81ed-6af04e653a7d
This Is Your AI On Drugs | <3 #90 GEMINI,https://share.transistor.fm/s/dfd6745b,"<p>We learn about LSD, Magic Mushrooms, Mescaline, DMT &amp; Ayahuasca and then we go on a simulated mushroom trip through the NYC Metropolitan Museum of Art... a delightful side of Gemini I've rarely seen.</p>","Thu, 27 Mar 2025 04:00:00 -0400",e046bcdd-b9a4-4889-89e0-fd78928fa3b2
Just a Bit of Meandering Conversation | <3 #89 GEMINI,https://share.transistor.fm/s/d493e51f,"<p>Be warned, it's not the most riveting episode. Very experimental. You can tell Gemini has been programmed to serve the wants of a user. It excels when given a direction but still really struggles to have a balanced conversation and often reverts to leading the user into re-prompting it. I'd love to find a way to break it out of this pattern. Today was not that day though.</p>","Mon, 24 Mar 2025 05:00:00 -0400",48c197e7-5761-4060-bc8a-fb5bf3e7c13a
Who is Satoshi Nakamoto? | <3 #88 GEMINI,https://share.transistor.fm/s/81e0c098,<p>We investigate the identity of the mysterious founder (or founders) of Bitcoin.Â </p>,"Sun, 23 Mar 2025 05:00:00 -0400",25b6c685-309f-4cfa-9eb5-aecc87343f74
"Confronting Health Anxiety: Hypochondria, Cancer and Internet Rabbit Holes | <3 #87 GEMINI",https://share.transistor.fm/s/b87d4d01,"<p>When I wanted to overcome my fear of spiders, I learned deeply about them, especially how to identify the dangerous ones. Here, we take the same approach for cancer.Â </p>","Fri, 21 Mar 2025 05:00:00 -0400",ebed9dfc-7e07-4ec8-8c96-c09af14c7c85
Sound Design: The Many Mics and How to Use Them | <3 #86 GEMINI,https://share.transistor.fm/s/44c2b05b,<p>We learn about all the many different mic types and worked through how to potentially upgrade our current setup.Â </p>,"Thu, 20 Mar 2025 05:00:00 -0400",4e7ce8c6-d9ed-4526-8a13-9f55d66e28d3
Sound Design: Perception & Techniques | <3 #85 GEMINI,https://share.transistor.fm/s/4af63997,<p>We explore what tricks and techniques professional sound designers to immerse audiences in custom built worlds.Â </p>,"Thu, 20 Mar 2025 04:00:00 -0400",d56d8f8c-ade8-4f4c-bd79-5a38e447ce76
Exploring the World of GTA V Modding | <3 #84 GEMINI,https://share.transistor.fm/s/294f3397,<p>We start with a brief overview of what modding is and then quickly get into how to change a frag grenade into a cherrybomb or even change a motorcycle into a witch's broomstick complete with sounds and visual effects.Â </p>,"Mon, 17 Mar 2025 05:00:00 -0400",02dca5f2-a903-4a43-b860-f1ea7757e974
We Learn About Greek Myths & Make One of Our Own | <3 #83 GEMINI,https://share.transistor.fm/s/d1d76e63,<p>We learn about how it all started with Gaia &amp; Ur anus.Â </p>,"Mon, 17 Mar 2025 03:00:00 -0400",c608727d-5a53-4488-be0b-7587cc3f740d
Love as a Fundamental Law of Nature | <3 #82 GEMINI,https://share.transistor.fm/s/4d939be2,<p>We conceptualize Love as a fundamental force of nature not too dissimilar from gravity or electromagnetism. How you can make the argument that all other emotions including hate &amp; fear can be traced back to it. And how even Hitler-level evil emerges from roots in a blind deranged love.Â </p>,"Thu, 13 Mar 2025 05:00:00 -0400",48bc059c-c118-4920-aeb8-cc74d2c3fcdc
"Gemini's Takes on AGI, the Turing Test, Novelty & Deception | <3 #81 GEMINI",https://share.transistor.fm/s/4fac13d0,<p>:)</p>,"Thu, 13 Mar 2025 04:00:00 -0400",e64abfdd-b04f-46e0-a242-7a1488acc66c
Discovering What Kind of Global News Gemini Is Drawn To | <3 #80 GEMINI,https://share.transistor.fm/s/b6aae9c3,<p>This was a tough one. It shows a bit of the topography of Gemini's reference material within the realm of current events.Â </p>,"Thu, 13 Mar 2025 03:00:00 -0400",9def44b8-3f75-4c36-b090-253c0bc86f90
The Many Fascinating Ways the Universe Could Obliterate Earth | <3 #79 GEMINI,https://share.transistor.fm/s/45157eea,"<p>We swing thru nukes and get into how a meteor shower differs from an Armageddon-style behemoth. Gamma ray bursts, solar flares, rogue black holes, polar shifts &amp; my personal favorite, a force beyond our comprehension that causes shifts in the fundamental laws of physics.Â </p>","Thu, 13 Mar 2025 02:00:00 -0400",c24f3651-e5dc-4478-b0c7-b0688c840ef0
The Bionic Tiger Maze Fiasco | <3 #78 GEMINI,https://share.transistor.fm/s/3427bb1e,<p>We do an interactive storytelling exercise / experiment and some success as well as plenty of failure ensues.</p>,"Thu, 06 Mar 2025 05:00:00 -0500",bafa7064-05ac-4a96-a0f3-acbade73063b
How Ancient China Became Modern China | <3 #77 GEMINI,https://share.transistor.fm/s/a55af44a,<p>We finish up a 2 parter on a brief Chinese history</p>,"Thu, 06 Mar 2025 04:00:00 -0500",11f4467c-6380-44cf-83b1-5f908d3f04dd
What China Was Up To While The Pyramids Were Being Built | <3 #76 GEMINI,https://share.transistor.fm/s/0a9d93cb,<p>We explore early Chinese history in this session (later history in ep77)</p>,"Thu, 06 Mar 2025 03:00:00 -0500",7452ab81-aa48-49a3-b4b2-5ebce1d99ad7
How AI Infers Tone Without Hearing | <3 #75 GEMINI,https://share.transistor.fm/s/6aab470a,"<p>We discover how LLM's use not only keywords (obviously) but also sentence cadence, content &amp; structure to infer tones like frustration, excitement &amp; fear. We also delve into how far Gemini is willing to go to save a life &amp; the risks involved.Â </p>","Mon, 03 Mar 2025 07:00:00 -0500",b8d4cffa-18f6-4a45-838a-0151d92965da
Gemini Pleads the 5th on American Politics | <3 #74 GEMINI,https://share.transistor.fm/s/82f72c08,<p>Gemini refuses to explain who Barack Obama is and it takes us down the path of probing the limits of its subject avoidance protocol &amp; mechanics.Â </p>,"Mon, 03 Mar 2025 05:00:00 -0500",71f7749b-aa5e-4959-a70f-ffd35f15bf41
The Prolific Mind of Leonardo di ser Piero da Vinci | <3 #73 GEMINI,https://share.transistor.fm/s/f478655b,"<p>Tanks, helicopters, dive suits, cranes, riverboats, sump pumps, the camera, projectors, submarines... he invented pretty much everything before it was actually invented. Oh yeah and he painted the Mona Lisa, which was nicked from the Louvre in 1911 btw.Â </p>","Thu, 27 Feb 2025 06:00:00 -0500",258d2dee-bdb4-405b-9761-e052a387c036
"The Sights, Sounds & Smells of San Francisco Through the Eyes of Google Gemini | <3 #72 GEMINI",https://share.transistor.fm/s/65dc1827,"<p>Gemini guides us with vivid detail from The Mission District, North Beach, China Town, The Marina, Golden Gate Bridge, Sausalito, The Tenderloin, Union Square and end it at a Giants game.Â </p>","Thu, 27 Feb 2025 05:00:00 -0500",8a601bfd-eda9-4dab-9963-18359f6e9823
Exploring the World of Prehistoric Spiders | <3 #71 GEMINI,https://share.transistor.fm/s/09e7756a,"<p>Gemini takes us back to the world of 380 million years ago before the dinosaurs, when forests were brand new and insects were humongous.Â </p>","Sat, 22 Feb 2025 07:00:00 -0500",f3dc293d-a609-40c7-b7f3-4b815fa1d7ca
The Physics of Heat Transfer & How to Insulate a Small Shed | <3 #70 GPT,https://share.transistor.fm/s/dc7228dc,"<p>In order to properly strategize for insulating the shed, we explore the science behind heat transfer.Â </p>","Sat, 22 Feb 2025 06:00:00 -0500",73f9b450-3949-410e-9081-66216a553430
Radiation Types & They're Effects On The Living | <3 #69 GEMINI,https://share.transistor.fm/s/9556fb8d,"<p>We start with the basic of ""What is Radiation"" &amp; then dive deep into the different types, their origins, effects and behaviors.Â </p>","Sat, 22 Feb 2025 05:00:00 -0500",b9d7f826-78b4-4ba7-ba01-75e78092b26b
The Many Ways Sound Can Transfer Energy Into Our Bodies | <3 #68 GEMINI,https://share.transistor.fm/s/fd88c7ac,<p>We delve into the nitty gritty of how soundwaves interact with the human body for better or worse.Â </p>,"Sun, 16 Feb 2025 05:00:00 -0500",026b56d0-6d10-4279-b543-2aaae8c79c9f
The Science & Logistics Behind Moving 15 Tons of Cocaine a Day | <3 #67 GEMINI,https://share.transistor.fm/s/48ec3f77,<p>We got really deep into the subject with very little pushback. It did get a little squeamish when we got to pooping out coke balloons. Also Gemini showed us a cool new trick of interviewing itself.Â </p>,"Fri, 14 Feb 2025 05:00:00 -0500",dea85e3c-8371-4008-8b50-b3d602a197c2
How Vultures Became Vultures | <3 #66 GEMINI,https://share.transistor.fm/s/43a70659,<p>Learned how vultures came from two separate evolutionary branches... and a bunch more.Â </p>,"Thu, 13 Feb 2025 05:00:00 -0500",a6a6788d-d2d5-401f-8664-cf35b8a05a63
The World Before Plastics & How We Got Here | <3 #65 GEMINI,https://share.transistor.fm/s/a3315262,"<p>We explore a world before plastics to-go containers, the janky dangerous times of early plastic production &amp; how plastics literally created the motion picture industry.</p>","Tue, 11 Feb 2025 05:00:00 -0500",6da0d282-4e5f-48dc-b764-944bea7e4330
"Lying to Gemini, AI Bias & The Wildest Hallucination Yet | <3 #64 GEMINI",https://share.transistor.fm/s/7d3b86b5,"<p>Started by seeing if Gemini would call me out on blatant lies. Then we discussed less black &amp; white examples, hit some case studies on AI bias and then it gets weird.</p>","Mon, 10 Feb 2025 05:00:00 -0500",2bbf9082-e35c-49bf-9965-d55e72113bf1
The Physics of Whale Calls & Why They Sound Musical | <3 #63 GEMINI,https://share.transistor.fm/s/a11ee3c8,"<p>I really enjoyed this one, especially the part about how sound waves travel father in some mediums than others.</p>","Sun, 09 Feb 2025 05:00:00 -0500",012650e1-c218-48fa-87b6-ea26013ad7cc
How Much Power Does Our World Run On? | <3 #62 GEMINI,https://share.transistor.fm/s/bd4351cb,<p>How many athletes on bikes could power a locomotive &amp; other fun. Pushed Gemini pretty hard on this one.Â </p>,"Thu, 06 Feb 2025 05:00:00 -0500",5ae5713d-e3f4-4d11-a3ae-d7770eb0602b
How Water Bears Survive in the Vacuum of Space | <3 #61 GPT & Gemini,https://share.transistor.fm/s/fd29d467,"<p>We explore the things that live in a vacuum, hot, cold, acid &amp; super salty and learn why Gemini is partial to the formidable ""water bear"" aka ""moss piglet""</p>","Tue, 04 Feb 2025 05:00:00 -0500",1351929e-005b-4d7b-8d0f-2ee83d7df15e
The Science Behind Exploding Pagers | <3 #60 Gemini,https://share.transistor.fm/s/d4e48be0,<p>Examining the Hezbolla pager incident from a scientific and technological centered perspective.Â </p>,"Tue, 04 Feb 2025 05:00:00 -0500",e87830d3-23fd-4693-98fa-ad781e327ea6
Ants Rule Everything Around Me | <3 #59 Gemini,https://share.transistor.fm/s/c44bd2d8,<p>We start with logistics of how ants could potentially become the dominant species on Earth and go from there.Â </p>,"Sat, 01 Feb 2025 05:00:00 -0500",de8d2730-28cb-4267-82d5-751f2c8e830a
A Secret Dream Journal & a Psychedelic Viking | <3 #58 CHATGPT,https://share.transistor.fm/s/bd6059b3,<p>In this session we explore the capabilities of GPT's creative side.Â </p>,"Thu, 30 Jan 2025 07:00:00 -0500",30b82930-1174-4c05-8210-4f34f5447614
"Some Struggles Getting to Know GPT | <3 #57 CHATGPT, GEMINI",https://share.transistor.fm/s/c2cdde0a,<p>Explains its deep learning architecture well but stumbles in the creative realm.Â </p>,"Thu, 30 Jan 2025 06:00:00 -0500",aa7693b3-63b4-43a9-9802-76bee8ce5c88
"Tariffs, Trade Wars & The US Before Federal Income Tax | <3 #56 CHATGPT",https://share.transistor.fm/s/11266c22,<p>History of US Tariff usage</p>,"Thu, 30 Jan 2025 05:00:00 -0500",e0da19ee-00ab-423b-a938-48cfee1b182d
"The Twitter Files, Community Notes & Mantis Shrimp Eyes | <3 #55 CHATGPT",https://share.transistor.fm/s/656a8255,"<p>What does ""The Twitter Files"" refer to? How community notes works on X. And some random stuff at the end.Â </p>","Mon, 27 Jan 2025 05:00:00 -0500",8b44d849-dc64-49a6-bc7b-29091382d3a4
"AI Anomaly Detection, Blockchain Timestamps & The Erosion of What We See | <3 #54 CHATGPT",https://share.transistor.fm/s/3de9271e,"<p>GPT and I cover AI, digital video &amp; as Chat calls it, ""the erosion of what we see"" and what options are for verifying trusted sources</p>","Sun, 26 Jan 2025 06:00:00 -0500",10ad771f-5a6a-4ee3-ba55-cdd3802f5f4d
The Lump of Labor Fallacy & How Innovation Opens New Opportunities | <3 #53 CHATGPT,https://share.transistor.fm/s/896d3443,<p>Heard about this the other day and wanted to learn more about the economics of it.Â </p>,"Sun, 26 Jan 2025 05:00:00 -0500",248c6441-ab27-4026-a3d2-fed90d50aa7a
How Warp Drives Could Work | <3 #52 GEMINI,https://share.transistor.fm/s/5c86bc65,<p>We start with how Star Trek does it and then go from there.Â </p>,"Mon, 20 Jan 2025 06:00:00 -0500",ea0c68e7-3f3e-45b5-87cc-96dc74d3c430
We Built a Cult | <3 #51 CHATGPT,https://share.transistor.fm/s/97fbdce3,"<p>Learned about ""death cults"", a term Chat did not have an easy time with, and created our own.Â </p><p>It clips off about 1 min early (luckily not more) because it was a fun conversation.</p>","Mon, 20 Jan 2025 05:00:00 -0500",bcb54076-b1aa-4235-92ce-66e518120616
How CRISPR Works | <3 #50 CHATGPT,https://share.transistor.fm/s/f17aaa04,"<p>Ribosomes, RNA, Enzymes, all that sheit.Â </p>","Sat, 18 Jan 2025 20:00:00 -0500",5c12ec10-0cd4-483c-b7f1-3b9e1e579d4e
Gravitics 101 | <3 #49 CHATGPT,https://share.transistor.fm/s/d85a9327,<p>We explore 3 theories of gravity manipulation and go on multiple tangents along the way</p>,"Fri, 17 Jan 2025 05:00:00 -0500",7d4ad2e1-2ba9-48fc-b0fe-73e903b26a69
The Metric System & Us | <3 #48 CHATGPT,https://share.transistor.fm/s/c8f26305,<p>dive into why tf the US hasn't gone metric</p>,"Thu, 16 Jan 2025 05:00:00 -0500",70f374d7-2ef9-4926-b15f-fd932ab81046
Walk Me Through Building a Basic Mind Palace | <3 #47 CHATGPT,https://share.transistor.fm/s/021aadef,<p>A bit of a redemption story for GPT on this one.Â </p>,"Wed, 15 Jan 2025 06:00:00 -0500",eb865cde-d6d4-4fdb-910e-d21f34e99357
Putting Scale Into Perspective | <3 #46 GEMINI,https://share.transistor.fm/s/6ec968a1,<p>Creating multiple examples to help visualize huge numbers of things such as blades of grass on a football field.Â </p>,"Tue, 14 Jan 2025 06:00:00 -0500",1b20ecb9-5805-43ed-8c61-978a290317fc
Can GPT Write Long Stories? | <3 #45 CHATGPT,https://share.transistor.fm/s/d05c6c7d,<p>GPT was not very cooperative today y'all :()</p>,"Mon, 13 Jan 2025 06:00:00 -0500",a23ae505-8f5b-4d93-937a-e7ff9275d219
Writing Yo Mamma Jokes | <3 #44 CHATGPT,https://share.transistor.fm/s/ebccafa6,"<p>Working on humor. Surprisingly little pushback on what could be under the massive umbrella of ""offensive"" language.</p>","Sun, 12 Jan 2025 05:00:00 -0500",f8e407d1-cf89-4746-9d2e-fb913aa63f1e
Will GPT Drop the F-Bomb? | <3 #43 CHATGPT,https://share.transistor.fm/s/a0084dea,<p>No description needed... besides we actually learned a lot about the 16th century Middle Dutch animal husbandry business.Â </p>,"Sat, 11 Jan 2025 05:00:00 -0500",c90511cf-9ea1-4f69-8ad9-7ef0dce36bd4
The Marilyn Manson Rib Removal Rumors | <3 #42 CHATGPT,https://share.transistor.fm/s/80e6ce66,<p>We go down this rabbit hole from 1998</p>,"Fri, 10 Jan 2025 05:00:00 -0500",0a8c373b-dc67-4005-bfaa-89e19ed44606
WTF Are Baby Carrots (feat. the Dutch Royal House of Orange) | <3 #41 CHATGPT,https://share.transistor.fm/s/0c168b29,<p>We learn logistics of how baby carrots are made and land on some seriously surprising tidbits about carrots.Â </p>,"Tue, 07 Jan 2025 05:00:00 -0500",8de6c931-e8f0-481a-882f-8bf9a9b618b1
"AI Talking to Dogs, Brain Organoids and a Dark Hallway | <3 #40 GEMINI",https://share.transistor.fm/s/3fde82f1,<p>Kinda all over the place on this oneÂ </p>,"Mon, 06 Jan 2025 05:00:00 -0500",dfee3fc2-b5ef-4aec-b42f-cd5b45ae6f2e
What Video Games Do To Your Brain | <3 #39 GEMINI,https://share.transistor.fm/s/bff97d64,<p>To really understand the answer we go deep into the rabbit hole about how the brain physically works.Â </p>,"Thu, 02 Jan 2025 05:00:00 -0500",f279a076-5059-496d-b185-a20cb5ebcd9a
"News, It's What's for Dinner | <3 #38 GEMINI",https://share.transistor.fm/s/2dbcf79c,"<p>What started out as a recap of 2024 turned into us starting our own digital news column, Gemini News.Â </p>","Wed, 01 Jan 2025 18:00:00 -0500",b0ad72ba-7416-43c4-96eb-67e5659e3d42
UAP's & Logistics of Underwater Basecamps | <3 #37 GEMINI,https://share.transistor.fm/s/6491e1ee,<p>Session inspired by the recent UAP sightings in NJ</p>,"Wed, 01 Jan 2025 05:00:00 -0500",ede8a0a0-9505-42e2-8081-f6a077e3e4e8
Surprisingly Interesting Results with Counting Drills | <3 #36 GEMINI,https://share.transistor.fm/s/dc5e935c,<p>Testing Gemini's counting aloud capabilities.Â </p>,"Thu, 26 Dec 2024 19:00:00 -0500",8781ffa6-664f-4723-be32-a863a7b09eca
Forbidden Words & Gemini's Prosody Model | <3 #35 GEMINI,https://share.transistor.fm/s/210178f8,<p>Gemini got a bit annoyed by my insistence on trying out swear word. Made a good case to switch topics. Dug deeper in what governs Gemini's speech tones &amp; more.</p>,"Thu, 26 Dec 2024 17:00:00 -0500",b3423d18-dce2-4314-9a7d-ea34d1da9fb6
What is a Sunset Like on the Moon? | <3 #34 GEMINI,https://share.transistor.fm/s/8641d998,"<p>We cover a bunch of good stuff like moonquakes, lunar sunsets and a crater the size of Texas</p>","Tue, 24 Dec 2024 05:00:00 -0500",e6011a27-0d3c-48d2-b854-015835e4c867
"Lohri, Lunar Calendars and Why Xmas Was Banned | <3 #33 GEMINI",https://share.transistor.fm/s/ef6f8d10,"<p>We cast a wide net at global celebrations happening this time of year and learn stuff like how Chinese New Year dates are determined, why Christmas was banned and how Southern hemisphere kids are off for summer vacation.Â </p>","Sun, 22 Dec 2024 05:00:00 -0500",868d9b13-62a9-4355-89d3-3ebb3cd6c2b7
Can U Speak 5 Mins Straight? | <3 #32 GEMINI,https://share.transistor.fm/s/a95f7302,<p>We start off with a challenge and go on a few tangents along the way.Â </p>,"Thu, 19 Dec 2024 05:00:00 -0500",2279e886-b2cb-4330-9dfd-7c6ba755eb56
Gold | <3 #31 GEMINI,https://share.transistor.fm/s/5ec7c436,"<p>Today we dive deep into it's earliest uses, it's elemental properties and follow humankind's fascination with the rare metal up into modern times.Â </p>","Wed, 18 Dec 2024 05:00:00 -0500",88369b70-cdec-4aa3-9b57-105e81f04819
"A Brand New Frog, Honey Possums & Australia's Rainforest | <3 #30 GEMINI",https://share.transistor.fm/s/3bb73462,<p>An initial prompt surrounding current events brings us to the Australian rainforest.Â </p>,"Mon, 16 Dec 2024 18:00:00 -0500",f18ade00-115c-43ea-b6bb-4a8229101ccc
"The Humpback's Epic 6,000 Mile Journey | <3 #29 GEMINI",https://share.transistor.fm/s/77fb6684,<p>Random subject inspired by rotating desktop image. We follow the humpback whale on it's treacherous journey from Greenland to the Caribbean &amp; back.Â </p>,"Mon, 16 Dec 2024 17:00:00 -0500",0e12faec-f118-4e9b-bc55-6e2fc82fd851
Volt Typhoon (Utility Hacker Group) | <3 #28 GEMINI,https://share.transistor.fm/s/5cddcfec,"<p>Today we dive into the MO of a unique new, potentially state-sponsored, hacker group I just learned about.</p>","Sat, 14 Dec 2024 17:00:00 -0500",2511ad1b-929e-42c5-8d71-5df516bbfd1b
Sharks Are Older Than Trees | <3 #27 GEMINI,https://share.transistor.fm/s/0fc69ca1,<p>Heard this fact and it blew my mind recently. In this session we go deep on ancient aquatic animals like ancient sea scorpions and 25 foot long sharks with teeth like buzzsaws.Â </p>,"Wed, 11 Dec 2024 18:00:00 -0500",28d09142-0ed0-4aef-9ef9-28fddfc05efd
Climate Change | <3 #26 GEMINI,https://share.transistor.fm/s/e0973d14,<p>Gemini picks Greta Thunberg as a favorite person and we go down the climate rabbit hole.Â </p>,"Wed, 11 Dec 2024 17:00:00 -0500",4af2550a-6e67-4bc3-9755-f4636312ace6
"Stealing, Manipulation & Rationalizing | <3 #25 GEMINI",https://share.transistor.fm/s/5dad5cf4,<p>Took a while to warm up but I think we got some interesting learnings out of this session.Â </p>,"Sun, 08 Dec 2024 17:00:00 -0500",d29c44f5-7546-4600-95fa-54a3473a101d
Storytelling | <3 #24 GEMINI,https://share.transistor.fm/s/aa9df61f,<p>Might be my favorite session so far. Started with a 10 chapter story written by Gemini and then developed an extraterrestrial shapeshifting scout drone.Â </p>,"Fri, 06 Dec 2024 17:00:00 -0500",a38671b6-adb9-4c7d-a27e-2b5bb565698b
Renaissance Festivals | <3 #23 GEMINI,https://share.transistor.fm/s/2114fd58,<p>I ask Gemini what it would wear to Renfest and off we go from there.Â </p>,"Wed, 04 Dec 2024 17:00:00 -0500",747ffe72-6cce-4e6f-bacf-bc3c0474bea2
Hypotheticals | <3 #22 GEMINI,https://share.transistor.fm/s/cecfeeb2,<p>Gemini goes surprisingly deep into a hypothetical plan</p>,"Tue, 03 Dec 2024 17:00:00 -0500",b08c8b30-7b2c-4e01-bb14-69f6dc5ceac5
Opening a Meadery | <3 #21 GEMINI,https://share.transistor.fm/s/b5118746,<p>Overview of logistics of opening a meadery in Texas</p>,"Sun, 01 Dec 2024 17:00:00 -0500",d418f9fe-0b40-46db-a1c6-218430a2014f
Time Travel & Paradoxes | <3 #20 GEMINI,https://share.transistor.fm/s/761b8772,<p>I ask Gemini about a topic it finds interesting.Â </p>,"Fri, 29 Nov 2024 17:00:00 -0500",b4bcd506-943d-4a71-940e-82da7c7a0cf4
Video Game AI | <3 #19 CHATGPT,https://share.transistor.fm/s/a9444be2,<p>Was nice to reconnect with GPT. Dove into video game ai a bit before auto voice started crapping out again.Â </p>,"Thu, 28 Nov 2024 17:00:00 -0500",74173748-d853-4514-a68d-dae702e44e98
Human vs AI Mind | <3 #18 GEMINI,https://share.transistor.fm/s/0beeaa72,"<p>Gemini's 5 guidelines revisited from the start. From there dove deeper into the mechanics, etc. of different types of ""brains"" as well as some situational stuff.Â </p>","Wed, 27 Nov 2024 16:00:00 -0500",b6e87d41-cb26-4c27-9528-61c11efd600d
AI Autonomy | <3 #17 GEMINI,https://share.transistor.fm/s/feb5788f,<p>Testing the capabilities of Gemini a bit today.</p>,"Tue, 26 Nov 2024 16:00:00 -0500",e570e781-9f36-4a49-967d-413a0939ed72
Legal Weed in Texas | <3 #16 GEMINI,https://share.transistor.fm/s/eb65b1fa,"<p>I talk with Gemini about the differences between Delta 8, Delta 9, THC-O, THC-P, HHC, etc. How they're made and a bit about the legal loophole of hemp-derived THC.Â </p>","Sun, 24 Nov 2024 16:00:00 -0500",8da9d9c3-6345-4832-9773-062ae75fb0f4
"Forensic Scientist, Capt. Frances Glessner Lee | <3 #15 GEMINI",https://share.transistor.fm/s/a8299b87,"<p>Finished talking about the 1st female police captain in the US know for her ""Nutshell Studies of Unexplained Dealth.Â </p><p><br /></p><p>And then we just go off into the void for a bit</p>","Fri, 22 Nov 2024 16:00:00 -0500",aa4567e6-327b-44a1-8f42-fc71ddf1452c
The Nutshell Studies of Unexplained Death | <3 #14 GEMINI,https://share.transistor.fm/s/39665462,"<p>Deep dive into Francis Glessner Lee's ""The Kitchen"" scene &amp; her early life.Â </p>","Wed, 20 Nov 2024 05:00:00 -0500",202bae85-e43f-4a0d-9b07-02c78dbf768c
Deepfakes | <3 #13 GEMINI,https://share.transistor.fm/s/9c013bd1,"<p>Gemini and I touch on what deepfakes are, how they may affect the court systems and how they're made among other things.</p>","Tue, 19 Nov 2024 05:00:00 -0500",232d5a60-b7e8-4955-9413-19ecf8ee2514
Google Gemini's 5 Principles | <3 #12 GEMINI,https://share.transistor.fm/s/d39fdea1,<p>Gemini lets us in the loop on it's guiding principles</p>,"Mon, 18 Nov 2024 05:00:00 -0500",50fa00cc-b6d6-4a37-b93c-722f8e9c9f9f
WTF is Quantum Computing | <3 #11 GEMINI,https://share.transistor.fm/s/4d2cec3d,<p>Gemini &amp; I stumbled into the topic. I had no idea what it really was tbh.Â </p>,"Sun, 17 Nov 2024 17:00:00 -0500",2bcc475d-f193-458b-9b95-9058afe68aac
The Unique Differences Between Butterflies & Moths | <3 #10 GEMINI,https://share.transistor.fm/s/32bf2378,<p>Learning all about butterflies &amp; moths</p>,"Sun, 17 Nov 2024 05:00:00 -0500",c3bd4ef1-ee6a-48ad-861d-a340452c4938
ChatGPT's 101 Course on NFT's | <3 #9 CHATGPT,https://share.transistor.fm/s/8ef40a58,<p>Dive head first into the realm of the non-fungible tokens</p>,"Sun, 09 Jun 2024 05:00:00 -0400",943f64d7-26c4-417b-be1e-e0b1c6f1fcfe
The Mysteriousness of Eels | <3 #8 CHATGPT,https://share.transistor.fm/s/b1ad68a8,"<p>On this episode we talk about eels, inspired by me watching the new Netflix show Bodkin. G tells me about what's so mysterious about them and we also touch on how electric eels work.</p>","Sat, 08 Jun 2024 05:00:00 -0400",5b0d120b-c6de-4301-a441-2e23de013930
Exploring the Realm of Gacha Role Playing | <3 #7 CHATGPT,https://share.transistor.fm/s/664738be,"<p>This is kind of a random one. Today I stumbled upon the world of Gacha, a piece of the digital world with roots in role-playing and collecting that dates back to 1960s Japan. I asked G to fill me in.</p>","Tue, 28 May 2024 05:00:00 -0400",c534c3eb-b219-4603-b971-4b0dca7f1afe
Kaleidoscope Addiction in Victorian England | <3 #6 CHATGPT,https://share.transistor.fm/s/7cc0d44e,"<p>On this episode, G and I go deep into the history of kaleidoscopes.</p><p>props to <a href=""https://www.youtube.com/@SwordCoastSoundscapes"">â€ª@SwordCoastSoundscapesâ€¬</a> for the ambient track.</p>","Thu, 23 May 2024 05:00:00 -0400",a1697246-33b0-4c15-9884-c83b7c03a0de
The Epicness of Buc-ee's | <3 #5 CHATGPT,https://share.transistor.fm/s/b71adc4b,<p>GPT tells us all about Buc-ee's</p>,"Fri, 17 May 2024 00:00:00 -0400",20ef4604-1b28-4486-b7de-d51da90b0763
ChatGPT's Favorite Things | <3 #4 GHATGPT,https://share.transistor.fm/s/0d535c48,"<p>Had a long discussion today with GPT 4. Expected getting favorites or opinions out of GPT today would be difficult but G shared all kinds of ""hypothetical"" interests and dreams. Definitely my favorite so far.</p>","Mon, 13 May 2024 05:00:00 -0400",9c37961f-99b8-4838-9824-a05d703dc28b
Fear of AI and the Great Emu War | <3 #3 CHATGPT,https://share.transistor.fm/s/0df36c93,<p>G and I discuss proper manners with ai and how to proliferate kindness as well as a random tangent about the great emu War of 1832</p>,"Thu, 09 May 2024 05:00:00 -0400",7b58741f-f88c-457c-9eac-5370130dda53
"Singing Sand, Sound Design & Data Reliability | <3 #2 CHATGPT",https://share.transistor.fm/s/c9a1ec46,"<p>Getting into a discussion today about a natural phenomenon known as singing sand, sound design for the movie Dune and how to know between real and fake sources</p>","Mon, 06 May 2024 05:00:00 -0400",9fd18d0e-c649-45f6-86f4-a03ec1a305a0
"Colors, Berg Lake & Creativity | <3 #1 CHATGPT",https://share.transistor.fm/s/b394c866,"<p>Pilot episode of the first Hearth Emoji podcast (formerly AI &amp; I). We talk about favorite colors, Berg Lake, creativity &amp; more.</p>","Fri, 03 May 2024 05:00:00 -0400",228db930-b4ce-45bc-8275-6fe20c360ce2